,Std of posture,Mean IBI posture
0,13.594335335696927,9.67326733197852
